sku,country,unit,seller,min_price,min_price_date,max_price,max_price_date,current_price,current_price_date,average_price
B0000C73CQ,France,€,amazon,10.99,2019-03-29 00:00:00,126.94,2012-09-27 00:00:00,16.9,2023-09-07 00:00:00,16.22
B0000C73CQ,France,€,new,1.99,2013-05-31 00:00:00,29.07,2023-06-07 00:00:00,,,16.54
B0000C73CQ,France,€,used,8.9,2019-10-09 00:00:00,68.03,2017-05-08 00:00:00,16.56,2024-01-16 00:00:00,16.63
B0002M6CVC,France,€,amazon,4.6,2016-11-25 00:00:00,9.28,2021-04-05 00:00:00,5.9,2023-08-05 00:00:00,7.63
B0002M6CVC,France,€,new,1.0,2018-05-01 00:00:00,9.7,2023-01-04 00:00:00,3.87,2024-01-06 00:00:00,7.83
B0002M6CVC,France,€,used,2.8,2016-06-03 00:00:00,43.35,2023-10-06 00:00:00,43.35,2023-10-06 00:00:00,5.94
B0009G5BRW,France,€,amazon,2.99,2019-07-09 00:00:00,23.17,2020-06-01 00:00:00,4.99,2023-12-22 00:00:00,9.08
B0009G5BRW,France,€,new,2.0,2018-06-27 00:00:00,18.28,2020-10-07 00:00:00,,,9.59
B0009G5BRW,France,€,used,3.93,2019-11-22 00:00:00,8.52,2022-11-09 00:00:00,,,6.2
B000CRBEJ2,France,€,amazon,23.38,2020-06-22 00:00:00,54.8,2023-05-29 00:00:00,38.5,2024-01-14 00:00:00,38.85
B000CRBEJ2,France,€,new,8.0,2017-07-16 00:00:00,50.0,2018-10-27 00:00:00,,,36.98
B000CRBEJ2,France,€,used,16.0,2018-10-20 00:00:00,125.0,2018-09-20 00:00:00,,,35.05
B000EEL6J6,France,€,amazon,6.4,2014-11-30 00:00:00,13.2,2021-07-16 00:00:00,12.9,2022-07-20 00:00:00,11.08
B000EEL6J6,France,€,new,1.43,2014-08-31 00:00:00,10.85,2020-11-24 00:00:00,,,9.18
B000EEL6J6,France,€,used,2.99,2016-10-21 00:00:00,49.29,2017-06-14 00:00:00,10.99,2024-01-19 00:00:00,12.01
B000P4IQN4,France,€,amazon,17.5,2021-11-26 00:00:00,49.22,2017-12-10 00:00:00,36.9,2023-12-15 00:00:00,33.65
B000P4IQN4,France,€,new,18.95,2017-01-11 00:00:00,83.0,2012-05-11 00:00:00,,,31.16
B000P4IQN4,France,€,used,14.99,2022-08-05 00:00:00,36.98,2013-12-20 00:00:00,31.97,2024-01-17 00:00:00,28.29
B0014BYHGC,France,€,amazon,14.39,2013-01-08 00:00:00,40.0,2023-06-30 00:00:00,35.0,2024-01-17 00:00:00,32.03
B0014BYHGC,France,€,new,16.13,2016-06-09 00:00:00,47.79,2022-11-21 00:00:00,,,28.42
B0014BYHGC,France,€,used,17.55,2018-06-16 00:00:00,32.79,2022-08-24 00:00:00,,,25.75
B0016MNAAI,France,€,amazon,95.0,2022-04-03 00:00:00,209.53,2012-05-31 00:00:00,,,124.22
B0016MNAAI,France,€,new,89.0,2022-04-03 00:00:00,319.99,2021-03-25 00:00:00,137.0,2023-12-13 00:00:00,139.48
B0016MNAAI,France,€,used,50.0,2012-03-12 00:00:00,268.78,2021-01-27 00:00:00,134.92,2024-01-19 00:00:00,128.23
B001ANXKMG,France,€,amazon,1.99,2019-08-23 00:00:00,5.8,2023-10-13 00:00:00,2.99,2023-10-28 00:00:00,2.71
B001ANXKMG,France,€,new,0.98,2024-01-10 00:00:00,6.67,2020-06-30 00:00:00,,,4.37
B001ANXKMG,France,€,used,2.13,2019-09-25 00:00:00,30.93,2023-12-15 00:00:00,29.64,2024-01-10 00:00:00,20.11
B001BEAWXY,France,€,amazon,17.8,2018-11-14 00:00:00,46.0,2016-12-06 00:00:00,42.9,2024-01-18 00:00:00,31.46
B001BEAWXY,France,€,new,10.49,2016-12-17 00:00:00,47.45,2016-12-11 00:00:00,34.0,2023-12-25 00:00:00,32.73
B001BEAWXY,France,€,used,,,,,,,
B002DYIZH6,France,€,amazon,16.72,2018-03-11 00:00:00,46.55,2022-12-06 00:00:00,33.03,2024-01-15 00:00:00,33.43
B002DYIZH6,France,€,new,19.9,2017-05-01 00:00:00,42.33,2022-12-06 00:00:00,,,40.4
B002DYIZH6,France,€,used,,,,,,,
B002OHKHOQ,France,€,amazon,1.99,2018-03-12 00:00:00,7.88,2018-05-05 00:00:00,3.49,2023-05-18 00:00:00,2.75
B002OHKHOQ,France,€,new,2.03,2019-04-01 00:00:00,14.34,2016-12-17 00:00:00,,,3.01
B002OHKHOQ,France,€,used,1.37,2018-06-04 00:00:00,4.13,2018-04-20 00:00:00,,,2.4
B002ZRQ4BA,France,€,amazon,4.67,2018-10-30 00:00:00,10.87,2018-07-10 00:00:00,6.9,2023-09-05 00:00:00,6.16
B002ZRQ4BA,France,€,new,1.0,2016-09-24 00:00:00,14.23,2022-05-06 00:00:00,,,7.62
B002ZRQ4BA,France,€,used,3.76,2018-12-22 00:00:00,16.7,2023-06-03 00:00:00,6.76,2024-01-17 00:00:00,5.65
B003UGCUFE,France,€,amazon,99.0,2023-10-10 00:00:00,149.0,2022-08-25 00:00:00,109.0,2024-01-19 00:00:00,133.39
B003UGCUFE,France,€,new,65.16,2019-05-09 00:00:00,161.58,2019-02-09 00:00:00,,,143.11
B003UGCUFE,France,€,used,16.79,2015-08-13 00:00:00,139.0,2018-08-22 00:00:00,101.37,2024-01-19 00:00:00,106.84
B003UOWDCG,France,€,amazon,1.99,2021-08-24 00:00:00,8.54,2019-03-07 00:00:00,3.66,2024-01-12 00:00:00,3.78
B003UOWDCG,France,€,new,0.3,2018-10-29 00:00:00,22.39,2022-11-02 00:00:00,,,3.3
B003UOWDCG,France,€,used,1.3,2019-09-17 00:00:00,3.25,2020-07-20 00:00:00,,,2.1
B003Y6ISWO,France,€,amazon,2.99,2022-05-16 00:00:00,7.9,2022-10-20 00:00:00,4.97,2024-01-05 00:00:00,7.36
B003Y6ISWO,France,€,new,3.32,2017-12-13 00:00:00,14.47,2023-03-07 00:00:00,,,10.89
B003Y6ISWO,France,€,used,3.04,2022-08-25 00:00:00,4.35,2023-09-14 00:00:00,,,3.85
B0061J9OME,France,€,amazon,116.99,2022-04-01 00:00:00,245.04,2024-01-19 00:00:00,245.04,2024-01-19 00:00:00,180.1
B0061J9OME,France,€,new,114.12,2016-05-09 00:00:00,243.42,2023-12-20 00:00:00,,,189.0
B0061J9OME,France,€,used,80.92,2020-01-13 00:00:00,185.36,2023-01-24 00:00:00,152.87,2024-01-18 00:00:00,136.08
B008YETL18,France,€,amazon,8.99,2021-11-17 00:00:00,21.66,2015-03-14 00:00:00,9.99,2024-01-10 00:00:00,14.14
B008YETL18,France,€,new,0.95,2017-06-21 00:00:00,31.39,2022-11-04 00:00:00,,,13.28
B008YETL18,France,€,used,1.99,2023-10-06 00:00:00,38.0,2018-08-28 00:00:00,,,13.88
B0092MEP58,France,€,amazon,10.08,2017-11-19 00:00:00,28.68,2022-04-06 00:00:00,,,20.92
B0092MEP58,France,€,new,8.0,2018-07-26 00:00:00,37.6,2013-09-21 00:00:00,35.99,2024-01-18 00:00:00,17.45
B0092MEP58,France,€,used,8.17,2015-03-29 00:00:00,22.91,2023-01-17 00:00:00,,,18.93
B00H5NQVQW,France,€,amazon,5.41,2016-06-23 00:00:00,15.52,2021-09-03 00:00:00,9.9,2023-12-01 00:00:00,9.45
B00H5NQVQW,France,€,new,2.27,2017-12-13 00:00:00,9.96,2019-12-29 00:00:00,,,7.89
B00H5NQVQW,France,€,used,5.25,2020-02-21 00:00:00,35.6,2017-05-13 00:00:00,,,7.43
B00REB9VTO,France,€,amazon,7.85,2020-09-04 00:00:00,18.4,2023-07-28 00:00:00,,,12.61
B00REB9VTO,France,€,new,3.0,2018-06-20 00:00:00,34.0,2022-06-27 00:00:00,13.75,2024-01-18 00:00:00,13.85
B00REB9VTO,France,€,used,3.75,2016-09-07 00:00:00,12.95,2017-04-08 00:00:00,,,10.48
B00X7792IE,France,€,amazon,2.94,2019-06-18 00:00:00,11.07,2022-02-10 00:00:00,6.9,2023-12-31 00:00:00,6.29
B00X7792IE,France,€,new,3.29,2019-07-31 00:00:00,14.71,2018-09-02 00:00:00,,,6.34
B00X7792IE,France,€,used,2.79,2020-02-11 00:00:00,6.83,2023-12-31 00:00:00,,,4.83
B01539XFLI,France,€,amazon,3.91,2020-03-06 00:00:00,11.61,2020-01-29 00:00:00,9.99,2024-01-07 00:00:00,9.42
B01539XFLI,France,€,new,2.47,2023-01-01 00:00:00,14.87,2021-11-18 00:00:00,,,13.45
B01539XFLI,France,€,used,3.83,2020-03-06 00:00:00,13.06,2018-09-24 00:00:00,8.89,2024-01-17 00:00:00,9.31
B019H693FA,France,€,amazon,,,,,,,
B019H693FA,France,€,new,19.01,2020-07-07 00:00:00,69.0,2021-11-16 00:00:00,36.9,2024-01-09 00:00:00,37.36
B019H693FA,France,€,used,22.49,2019-01-10 00:00:00,43.8,2023-03-22 00:00:00,36.53,2024-01-18 00:00:00,37.73
B01BGBJ8Y0,France,€,amazon,13.99,2023-11-17 00:00:00,39.99,2020-10-07 00:00:00,23.95,2023-12-15 00:00:00,22.59
B01BGBJ8Y0,France,€,new,11.96,2017-01-17 00:00:00,87.04,2020-03-21 00:00:00,23.55,2024-01-18 00:00:00,27.55
B01BGBJ8Y0,France,€,used,5.0,2017-01-18 00:00:00,69.99,2020-05-30 00:00:00,18.84,2024-01-19 00:00:00,19.77
B01FFOY006,France,€,amazon,17.49,2020-10-21 00:00:00,33.56,2020-05-26 00:00:00,21.99,2024-01-12 00:00:00,24.3
B01FFOY006,France,€,new,15.0,2019-05-13 00:00:00,32.33,2023-10-10 00:00:00,,,26.05
B01FFOY006,France,€,used,17.3,2019-09-14 00:00:00,26.11,2017-08-19 00:00:00,,,22.66
B01GVQUX3U,France,€,amazon,39.9,2018-06-08 00:00:00,84.48,2018-12-18 00:00:00,,,58.0
B01GVQUX3U,France,€,new,28.99,2020-11-15 00:00:00,109.99,2021-06-13 00:00:00,,,61.39
B01GVQUX3U,France,€,used,21.0,2023-06-23 00:00:00,131.0,2018-01-03 00:00:00,54.0,2024-01-19 00:00:00,51.65
B01HTTQ6A2,France,€,amazon,24.9,2019-10-16 00:00:00,50.99,2022-02-23 00:00:00,44.9,2024-01-04 00:00:00,46.52
B01HTTQ6A2,France,€,new,10.93,2019-07-11 00:00:00,80.25,2016-10-11 00:00:00,,,42.32
B01HTTQ6A2,France,€,used,18.68,2019-10-17 00:00:00,54.34,2022-10-27 00:00:00,,,39.47
B01HZ5K8UE,France,€,amazon,29.9,2022-11-30 00:00:00,89.8,2020-01-21 00:00:00,29.9,2024-01-15 00:00:00,37.0
B01HZ5K8UE,France,€,new,42.66,2023-09-02 00:00:00,124.99,2019-03-10 00:00:00,,,57.77
B01HZ5K8UE,France,€,used,26.06,2023-06-22 00:00:00,80.64,2019-06-13 00:00:00,29.0,2024-01-15 00:00:00,44.01
B01IZVSAKC,France,€,amazon,27.99,2019-06-08 00:00:00,74.96,2017-06-01 00:00:00,,,57.06
B01IZVSAKC,France,€,new,28.06,2019-04-30 00:00:00,86.75,2021-08-21 00:00:00,51.83,2024-01-19 00:00:00,49.56
B01IZVSAKC,France,€,used,18.84,2019-08-09 00:00:00,49.01,2017-12-11 00:00:00,,,40.75
B01JP3M6O0,France,€,amazon,16.53,2019-05-02 00:00:00,29.99,2017-03-06 00:00:00,17.75,2020-03-19 00:00:00,20.54
B01JP3M6O0,France,€,new,13.0,2019-09-07 00:00:00,32.06,2017-05-30 00:00:00,,,20.4
B01JP3M6O0,France,€,used,8.22,2019-10-09 00:00:00,18.22,2018-11-16 00:00:00,16.51,2020-03-19 00:00:00,11.06
B01KHILJ5O,France,€,amazon,12.99,2024-01-09 00:00:00,36.55,2020-06-28 00:00:00,12.99,2024-01-09 00:00:00,19.81
B01KHILJ5O,France,€,new,11.14,2018-12-18 00:00:00,34.0,2020-02-27 00:00:00,,,18.71
B01KHILJ5O,France,€,used,10.32,2020-03-06 00:00:00,22.11,2022-10-28 00:00:00,12.42,2024-01-17 00:00:00,17.03
B01KHIM7OG,France,€,amazon,9.9,2022-04-01 00:00:00,40.37,2019-03-05 00:00:00,9.99,2023-12-30 00:00:00,13.99
B01KHIM7OG,France,€,new,9.99,2022-03-02 00:00:00,35.0,2019-01-23 00:00:00,,,19.55
B01KHIM7OG,France,€,used,7.99,2024-01-06 00:00:00,20.49,2018-12-26 00:00:00,9.29,2024-01-18 00:00:00,11.79
B01N1UX8RW,France,€,amazon,22.79,2023-11-17 00:00:00,41.0,2023-09-23 00:00:00,22.79,2024-01-16 00:00:00,31.82
B01N1UX8RW,France,€,new,23.61,2023-05-08 00:00:00,41.99,2021-04-19 00:00:00,,,30.2
B01N1UX8RW,France,€,used,18.46,2024-01-17 00:00:00,34.29,2019-02-26 00:00:00,21.42,2024-01-18 00:00:00,27.64
B071CP6X88,France,€,amazon,18.49,2020-01-31 00:00:00,46.03,2020-05-27 00:00:00,,,30.88
B071CP6X88,France,€,new,14.92,2018-09-28 00:00:00,97.49,2019-01-20 00:00:00,25.22,2024-01-19 00:00:00,35.27
B071CP6X88,France,€,used,17.51,2018-10-12 00:00:00,26.81,2018-09-28 00:00:00,,,23.84
B073PD6YRQ,France,€,amazon,17.49,2021-11-25 00:00:00,40.44,2019-05-31 00:00:00,29.99,2024-01-10 00:00:00,33.19
B073PD6YRQ,France,€,new,20.92,2020-02-10 00:00:00,43.46,2021-11-19 00:00:00,,,33.32
B073PD6YRQ,France,€,used,19.39,2022-11-25 00:00:00,33.97,2023-05-10 00:00:00,,,28.7
B073YQ5KSX,France,€,amazon,,,,,12.69,2023-09-15 00:00:00,
B073YQ5KSX,France,€,new,12.59,2018-10-11 00:00:00,16.59,2018-12-31 00:00:00,,,14.38
B073YQ5KSX,France,€,used,,,,,10.98,2023-09-15 00:00:00,
B073ZG6J9N,France,€,amazon,18.83,2021-12-10 00:00:00,54.99,2022-12-14 00:00:00,24.99,2024-01-18 00:00:00,28.06
B073ZG6J9N,France,€,new,24.0,2019-09-02 00:00:00,71.57,2017-10-26 00:00:00,,,36.64
B073ZG6J9N,France,€,used,17.37,2018-06-21 00:00:00,42.62,2017-10-16 00:00:00,22.73,2024-01-18 00:00:00,27.37
B075FC8ZJ3,France,€,amazon,21.59,2019-08-12 00:00:00,49.99,2023-06-15 00:00:00,32.99,2024-01-09 00:00:00,42.23
B075FC8ZJ3,France,€,new,19.99,2019-05-04 00:00:00,42.25,2021-10-20 00:00:00,,,37.18
B075FC8ZJ3,France,€,used,13.35,2018-06-09 00:00:00,39.86,2023-10-13 00:00:00,30.73,2024-01-19 00:00:00,32.08
B079RRVLGQ,France,€,amazon,11.87,2022-11-25 00:00:00,29.99,2019-01-12 00:00:00,17.95,2023-12-30 00:00:00,23.61
B079RRVLGQ,France,€,new,16.88,2020-02-25 00:00:00,35.53,2023-04-09 00:00:00,,,25.72
B079RRVLGQ,France,€,used,11.75,2023-11-25 00:00:00,49.0,2023-01-16 00:00:00,,,17.57
B07DGMWKK9,France,€,amazon,14.99,2019-11-28 00:00:00,25.9,2023-07-27 00:00:00,21.49,2023-11-24 00:00:00,22.89
B07DGMWKK9,France,€,new,10.6,2019-09-13 00:00:00,32.91,2021-01-09 00:00:00,,,26.42
B07DGMWKK9,France,€,used,13.19,2019-12-04 00:00:00,30.86,2020-03-16 00:00:00,19.73,2024-01-17 00:00:00,21.06
B07GS6ZS8J,France,€,amazon,34.99,2023-01-02 00:00:00,104.33,2018-12-26 00:00:00,59.43,2024-01-05 00:00:00,59.96
B07GS6ZS8J,France,€,new,43.5,2022-03-20 00:00:00,131.41,2018-11-22 00:00:00,,,61.83
B07GS6ZS8J,France,€,used,9.11,2022-07-27 00:00:00,85.54,2018-10-30 00:00:00,55.3,2024-01-17 00:00:00,45.83
B07GTWD7Z7,France,€,amazon,16.19,2019-05-31 00:00:00,32.99,2023-06-15 00:00:00,25.49,2023-10-09 00:00:00,24.36
B07GTWD7Z7,France,€,new,14.42,2019-08-11 00:00:00,78.74,2020-06-15 00:00:00,,,30.53
B07GTWD7Z7,France,€,used,8.82,2020-02-19 00:00:00,20.57,2019-11-20 00:00:00,,,17.34
B07L9WLKZQ,France,€,amazon,8.99,2023-03-24 00:00:00,18.8,2021-02-07 00:00:00,,,16.39
B07L9WLKZQ,France,€,new,7.64,2021-09-20 00:00:00,16.99,2020-05-25 00:00:00,10.99,2023-09-08 00:00:00,10.59
B07L9WLKZQ,France,€,used,7.78,2023-03-25 00:00:00,11.75,2020-06-16 00:00:00,,,9.43
B07MVPRSHZ,France,€,amazon,142.52,2020-03-10 00:00:00,289.1,2023-05-07 00:00:00,198.0,2023-11-23 00:00:00,217.84
B07MVPRSHZ,France,€,new,151.17,2019-08-28 00:00:00,395.03,2022-01-19 00:00:00,,,240.97
B07MVPRSHZ,France,€,used,98.34,2020-03-22 00:00:00,214.88,2023-03-21 00:00:00,155.36,2024-01-17 00:00:00,175.52
B0000C73CQ,Germany,€,amazon,12.0,2017-04-16 00:00:00,26.98,2014-08-15 00:00:00,15.95,2024-01-18 00:00:00,17.06
B0000C73CQ,Germany,€,new,8.4,2020-09-01 00:00:00,32.0,2014-08-10 00:00:00,,,18.35
B0000C73CQ,Germany,€,used,6.5,2016-06-06 00:00:00,36.66,2015-12-06 00:00:00,15.63,2024-01-18 00:00:00,16.36
B0002M6CVC,Germany,€,amazon,4.6,2016-11-29 00:00:00,7.66,2013-10-09 00:00:00,5.9,2022-07-13 00:00:00,5.96
B0002M6CVC,Germany,€,new,1.17,2017-02-26 00:00:00,10.23,2024-01-07 00:00:00,8.04,2024-01-18 00:00:00,7.28
B0002M6CVC,Germany,€,used,1.99,2015-01-12 00:00:00,17.27,2019-07-23 00:00:00,,,6.37
B0009G5BRW,Germany,€,amazon,2.75,2023-10-25 00:00:00,9.49,2018-02-04 00:00:00,8.49,2024-01-18 00:00:00,6.98
B0009G5BRW,Germany,€,new,0.9,2012-07-06 00:00:00,32.99,2020-03-17 00:00:00,6.94,2024-01-18 00:00:00,7.63
B0009G5BRW,Germany,€,used,4.24,2019-11-22 00:00:00,6.74,2018-06-07 00:00:00,,,5.91
B000CRBEJ2,Germany,€,amazon,23.27,2013-03-13 00:00:00,55.0,2023-09-29 00:00:00,43.28,2024-01-18 00:00:00,45.09
B000CRBEJ2,Germany,€,new,10.0,2017-05-01 00:00:00,65.0,2023-09-08 00:00:00,,,43.39
B000CRBEJ2,Germany,€,used,9.99,2011-05-22 00:00:00,120.99,2014-09-14 00:00:00,36.76,2024-01-18 00:00:00,38.34
B000EEL6J6,Germany,€,amazon,6.4,2014-11-26 00:00:00,15.2,2022-05-25 00:00:00,12.9,2023-09-01 00:00:00,12.03
B000EEL6J6,Germany,€,new,3.8,2018-07-30 00:00:00,23.61,2022-05-06 00:00:00,,,14.47
B000EEL6J6,Germany,€,used,2.99,2016-08-04 00:00:00,15.05,2023-10-15 00:00:00,12.59,2024-01-14 00:00:00,12.49
B000P4IQN4,Germany,€,amazon,15.99,2023-11-23 00:00:00,44.55,2014-06-24 00:00:00,,,24.08
B000P4IQN4,Germany,€,new,16.54,2013-03-17 00:00:00,43.36,2014-06-24 00:00:00,,,27.89
B000P4IQN4,Germany,€,used,15.51,2023-11-23 00:00:00,40.0,2020-02-17 00:00:00,20.78,2024-01-17 00:00:00,20.43
B0014BYHGC,Germany,€,amazon,11.99,2021-12-05 00:00:00,35.99,2022-02-27 00:00:00,29.75,2023-12-22 00:00:00,31.58
B0014BYHGC,Germany,€,new,4.88,2016-10-17 00:00:00,39.9,2023-09-27 00:00:00,,,30.06
B0014BYHGC,Germany,€,used,12.29,2015-08-04 00:00:00,30.69,2022-07-25 00:00:00,,,25.06
B0016MNAAI,Germany,€,amazon,102.0,2015-10-24 00:00:00,159.0,2016-05-06 00:00:00,,,114.7
B0016MNAAI,Germany,€,new,101.02,2018-10-03 00:00:00,229.87,2021-04-11 00:00:00,139.0,2024-01-03 00:00:00,160.21
B0016MNAAI,Germany,€,used,49.95,2015-05-09 00:00:00,283.65,2023-03-16 00:00:00,111.2,2024-01-18 00:00:00,135.24
B001BEAWXY,Germany,€,amazon,16.45,2021-12-12 00:00:00,42.9,2022-10-18 00:00:00,27.95,2024-01-19 00:00:00,31.31
B001BEAWXY,Germany,€,new,12.48,2016-04-28 00:00:00,45.6,2016-12-12 00:00:00,,,29.79
B001BEAWXY,Germany,€,used,,,,,,,
B002DYIZH6,Germany,€,amazon,18.19,2016-09-16 00:00:00,39.9,2015-06-13 00:00:00,35.79,2022-12-30 00:00:00,27.93
B002DYIZH6,Germany,€,new,14.0,2016-11-28 00:00:00,46.9,2023-07-19 00:00:00,34.99,2024-01-13 00:00:00,41.43
B002DYIZH6,Germany,€,used,,,,,,,
B002OHKHOQ,Germany,€,amazon,1.69,2019-03-05 00:00:00,3.21,2022-08-24 00:00:00,2.99,2022-09-21 00:00:00,2.78
B002OHKHOQ,Germany,€,new,1.6,2018-01-30 00:00:00,6.97,2023-02-28 00:00:00,,,6.33
B002OHKHOQ,Germany,€,used,1.57,2019-03-05 00:00:00,2.64,2019-02-21 00:00:00,,,1.9
B002ZRQ4BA,Germany,€,amazon,4.0,2017-12-12 00:00:00,10.04,2013-07-01 00:00:00,8.09,2024-01-18 00:00:00,8.08
B002ZRQ4BA,Germany,€,new,1.99,2015-09-09 00:00:00,9.69,2021-12-19 00:00:00,,,6.4
B002ZRQ4BA,Germany,€,used,1.19,2017-09-11 00:00:00,13.26,2015-05-23 00:00:00,7.69,2024-01-18 00:00:00,6.81
B003UOWDCG,Germany,€,amazon,1.29,2019-10-06 00:00:00,6.99,2021-01-10 00:00:00,3.79,2024-01-18 00:00:00,3.83
B003UOWDCG,Germany,€,new,0.01,2014-07-15 00:00:00,4.28,2023-04-20 00:00:00,,,3.96
B003UOWDCG,Germany,€,used,0.66,2019-05-11 00:00:00,25.47,2015-10-22 00:00:00,,,1.86
B003Y6ISWO,Germany,€,amazon,2.28,2018-09-17 00:00:00,8.76,2023-06-30 00:00:00,6.53,2023-09-14 00:00:00,6.16
B003Y6ISWO,Germany,€,new,1.0,2019-04-16 00:00:00,9.9,2023-03-01 00:00:00,,,8.04
B003Y6ISWO,Germany,€,used,4.71,2022-08-25 00:00:00,5.13,2022-12-15 00:00:00,,,4.93
B0061J9OME,Germany,€,amazon,108.99,2020-11-10 00:00:00,299.99,2023-01-18 00:00:00,209.9,2024-01-19 00:00:00,198.15
B0061J9OME,Germany,€,new,116.52,2017-11-02 00:00:00,259.0,2023-01-23 00:00:00,,,167.67
B0061J9OME,Germany,€,used,53.0,2022-05-31 00:00:00,273.61,2018-09-14 00:00:00,170.94,2024-01-19 00:00:00,136.8
B008YETL18,Germany,€,amazon,7.99,2017-04-20 00:00:00,14.99,2020-06-09 00:00:00,12.99,2024-01-18 00:00:00,12.4
B008YETL18,Germany,€,new,1.26,2019-06-25 00:00:00,18.02,2022-11-01 00:00:00,,,14.95
B008YETL18,Germany,€,used,1.99,2023-10-24 00:00:00,57.9,2019-07-22 00:00:00,,,10.73
B0092MEP58,Germany,€,amazon,16.48,2018-05-24 00:00:00,25.36,2019-01-14 00:00:00,,,19.49
B0092MEP58,Germany,€,new,8.0,2018-07-27 00:00:00,22.64,2019-09-05 00:00:00,15.84,2020-01-14 00:00:00,15.48
B0092MEP58,Germany,€,used,1.68,2017-12-27 00:00:00,18.37,2019-04-19 00:00:00,,,13.44
B00H5NQVQW,Germany,€,amazon,5.5,2018-02-15 00:00:00,17.99,2019-12-23 00:00:00,6.19,2024-01-18 00:00:00,7.57
B00H5NQVQW,Germany,€,new,2.09,2018-11-21 00:00:00,9.56,2022-03-02 00:00:00,,,6.34
B00H5NQVQW,Germany,€,used,4.79,2018-02-15 00:00:00,7.69,2019-06-22 00:00:00,,,6.19
B00REB9VTO,Germany,€,amazon,9.55,2015-11-27 00:00:00,17.85,2022-06-16 00:00:00,,,15.47
B00REB9VTO,Germany,€,new,2.93,2019-08-26 00:00:00,17.83,2021-07-13 00:00:00,13.95,2024-01-15 00:00:00,13.78
B00REB9VTO,Germany,€,used,3.79,2016-09-07 00:00:00,13.81,2023-09-10 00:00:00,,,11.55
B01539XFLI,Germany,€,amazon,5.0,2018-02-11 00:00:00,16.37,2019-07-05 00:00:00,9.99,2023-10-04 00:00:00,9.87
B01539XFLI,Germany,€,new,5.54,2017-08-02 00:00:00,28.71,2016-01-13 00:00:00,,,10.98
B01539XFLI,Germany,€,used,3.0,2017-02-04 00:00:00,27.14,2018-01-26 00:00:00,9.39,2024-01-19 00:00:00,9.07
B019H693FA,Germany,€,amazon,28.82,2019-10-02 00:00:00,31.12,2019-10-06 00:00:00,,,30.15
B019H693FA,Germany,€,new,16.39,2019-08-26 00:00:00,59.0,2021-11-17 00:00:00,31.9,2024-01-10 00:00:00,34.81
B019H693FA,Germany,€,used,17.64,2018-12-15 00:00:00,33.85,2023-02-27 00:00:00,31.37,2024-01-18 00:00:00,30.72
B01BGBJ8Y0,Germany,€,amazon,13.99,2022-07-15 00:00:00,35.97,2016-03-10 00:00:00,17.14,2024-01-19 00:00:00,17.55
B01BGBJ8Y0,Germany,€,new,11.0,2019-12-19 00:00:00,79.9,2020-03-21 00:00:00,,,27.08
B01BGBJ8Y0,Germany,€,used,11.05,2022-07-17 00:00:00,64.99,2020-06-10 00:00:00,16.11,2024-01-19 00:00:00,17.79
B01FFOY006,Germany,€,amazon,16.79,2021-10-18 00:00:00,26.93,2019-07-01 00:00:00,22.99,2024-01-16 00:00:00,21.19
B01FFOY006,Germany,€,new,16.95,2019-09-11 00:00:00,32.28,2023-09-01 00:00:00,,,27.28
B01FFOY006,Germany,€,used,19.31,2019-10-24 00:00:00,29.97,2017-08-09 00:00:00,,,20.63
B01GVQUX3U,Germany,€,amazon,39.0,2018-06-07 00:00:00,95.5,2021-04-26 00:00:00,,,57.99
B01GVQUX3U,Germany,€,new,12.73,2019-11-12 00:00:00,94.99,2022-02-22 00:00:00,56.88,2024-01-19 00:00:00,58.38
B01GVQUX3U,Germany,€,used,15.0,2018-01-18 00:00:00,99.99,2021-03-15 00:00:00,59.95,2024-01-19 00:00:00,44.13
B01HTTQ6A2,Germany,€,amazon,18.99,2019-11-23 00:00:00,42.78,2017-02-03 00:00:00,33.99,2024-01-06 00:00:00,32.89
B01HTTQ6A2,Germany,€,new,12.88,2019-09-30 00:00:00,54.93,2016-11-03 00:00:00,,,36.37
B01HTTQ6A2,Germany,€,used,15.12,2019-09-23 00:00:00,56.6,2017-05-29 00:00:00,32.97,2024-01-19 00:00:00,33.03
B01HZ5K8UE,Germany,€,amazon,27.99,2022-11-18 00:00:00,59.99,2021-03-11 00:00:00,35.99,2023-11-29 00:00:00,37.76
B01HZ5K8UE,Germany,€,new,24.0,2019-10-09 00:00:00,95.38,2019-04-21 00:00:00,,,41.79
B01HZ5K8UE,Germany,€,used,26.03,2019-10-11 00:00:00,80.79,2018-11-04 00:00:00,33.65,2023-11-28 00:00:00,41.7
B01IZVSAKC,Germany,€,amazon,27.99,2019-08-16 00:00:00,69.99,2019-02-14 00:00:00,,,39.5
B01IZVSAKC,Germany,€,new,25.99,2020-05-29 00:00:00,86.09,2023-11-21 00:00:00,54.35,2024-01-19 00:00:00,56.21
B01IZVSAKC,Germany,€,used,7.9,2017-12-06 00:00:00,57.49,2022-09-23 00:00:00,,,35.37
B01JP3M6O0,Germany,€,amazon,7.99,2023-11-24 00:00:00,34.2,2016-11-11 00:00:00,15.99,2023-11-30 00:00:00,18.48
B01JP3M6O0,Germany,€,new,10.4,2019-10-20 00:00:00,34.08,2017-05-30 00:00:00,,,17.33
B01JP3M6O0,Germany,€,used,7.51,2023-10-18 00:00:00,21.57,2017-01-18 00:00:00,,,13.83
B01KHILJ5O,Germany,€,amazon,11.99,2022-04-01 00:00:00,28.62,2017-03-13 00:00:00,19.93,2024-01-19 00:00:00,20.28
B01KHILJ5O,Germany,€,new,12.0,2018-09-29 00:00:00,29.91,2022-12-31 00:00:00,,,19.46
B01KHILJ5O,Germany,€,used,7.99,2017-04-07 00:00:00,26.22,2017-02-28 00:00:00,19.28,2024-01-18 00:00:00,17.95
B01KHIM7OG,Germany,€,amazon,9.99,2019-09-14 00:00:00,28.1,2017-10-05 00:00:00,17.32,2024-01-18 00:00:00,17.01
B01KHIM7OG,Germany,€,new,6.87,2022-09-26 00:00:00,32.72,2021-12-05 00:00:00,,,16.34
B01KHIM7OG,Germany,€,used,9.29,2019-09-14 00:00:00,21.37,2017-02-24 00:00:00,15.72,2024-01-16 00:00:00,14.78
B01N1UX8RW,Germany,€,amazon,19.99,2023-08-29 00:00:00,47.53,2020-12-02 00:00:00,19.99,2024-01-16 00:00:00,28.91
B01N1UX8RW,Germany,€,new,19.99,2023-11-06 00:00:00,59.99,2020-06-11 00:00:00,,,30.14
B01N1UX8RW,Germany,€,used,18.39,2023-08-29 00:00:00,36.25,2019-02-28 00:00:00,18.79,2024-01-16 00:00:00,21.84
B071CP6X88,Germany,€,amazon,25.34,2020-03-11 00:00:00,45.3,2018-04-19 00:00:00,,,32.63
B071CP6X88,Germany,€,new,14.23,2018-04-28 00:00:00,146.87,2018-03-11 00:00:00,22.37,2024-01-19 00:00:00,28.34
B071CP6X88,Germany,€,used,18.2,2019-06-15 00:00:00,28.96,2018-10-10 00:00:00,,,21.77
B073PD6YRQ,Germany,€,amazon,19.99,2022-11-30 00:00:00,41.65,2020-03-22 00:00:00,25.9,2024-01-13 00:00:00,26.86
B073PD6YRQ,Germany,€,new,24.0,2023-01-03 00:00:00,94.56,2018-08-25 00:00:00,,,32.88
B073PD6YRQ,Germany,€,used,19.39,2022-12-01 00:00:00,34.29,2019-11-25 00:00:00,,,26.49
B073YQ5KSX,Germany,€,amazon,16.16,2018-05-23 00:00:00,17.33,2018-05-14 00:00:00,,,16.77
B073YQ5KSX,Germany,€,new,12.57,2017-09-22 00:00:00,13.95,2018-09-11 00:00:00,13.95,2018-09-11 00:00:00,13.15
B073YQ5KSX,Germany,€,used,11.2,2019-07-14 00:00:00,13.67,2019-04-28 00:00:00,,,12.42
B073ZG6J9N,Germany,€,amazon,22.0,2019-01-25 00:00:00,49.99,2017-09-13 00:00:00,31.99,2024-01-02 00:00:00,33.22
B073ZG6J9N,Germany,€,new,10.95,2021-08-13 00:00:00,72.83,2017-10-19 00:00:00,,,32.28
B073ZG6J9N,Germany,€,used,16.08,2019-08-18 00:00:00,41.74,2017-09-24 00:00:00,27.75,2024-01-19 00:00:00,30.17
B075FC8ZJ3,Germany,€,amazon,22.99,2021-11-19 00:00:00,49.96,2018-03-15 00:00:00,37.99,2023-12-30 00:00:00,34.47
B075FC8ZJ3,Germany,€,new,19.89,2019-06-06 00:00:00,53.56,2022-10-24 00:00:00,,,34.89
B075FC8ZJ3,Germany,€,used,18.38,2022-08-09 00:00:00,43.93,2023-12-09 00:00:00,35.71,2024-01-19 00:00:00,32.63
B079RRVLGQ,Germany,€,amazon,17.99,2020-02-07 00:00:00,32.15,2023-08-02 00:00:00,27.98,2023-12-03 00:00:00,25.06
B079RRVLGQ,Germany,€,new,15.2,2023-03-31 00:00:00,33.05,2023-04-12 00:00:00,,,29.49
B079RRVLGQ,Germany,€,used,15.05,2023-04-01 00:00:00,41.79,2023-01-16 00:00:00,27.37,2024-01-18 00:00:00,27.44
B07DGMWKK9,Germany,€,amazon,14.39,2022-06-17 00:00:00,34.99,2018-07-22 00:00:00,,,18.14
B07DGMWKK9,Germany,€,new,9.87,2021-12-18 00:00:00,37.05,2023-10-25 00:00:00,32.99,2023-11-17 00:00:00,29.51
B07DGMWKK9,Germany,€,used,13.35,2022-04-07 00:00:00,51.18,2022-10-31 00:00:00,,,19.75
B07GS6ZS8J,Germany,€,amazon,29.99,2022-07-30 00:00:00,89.99,2018-10-05 00:00:00,47.99,2024-01-18 00:00:00,44.94
B07GS6ZS8J,Germany,€,new,38.49,2021-09-01 00:00:00,92.66,2019-07-19 00:00:00,,,58.24
B07GS6ZS8J,Germany,€,used,24.98,2022-05-17 00:00:00,83.69,2018-11-18 00:00:00,43.23,2024-01-17 00:00:00,39.94
B07GTWD7Z7,Germany,€,amazon,16.66,2019-12-12 00:00:00,34.11,2020-08-17 00:00:00,23.82,2024-01-17 00:00:00,23.33
B07GTWD7Z7,Germany,€,new,8.24,2019-08-17 00:00:00,78.0,2020-05-27 00:00:00,,,26.94
B07GTWD7Z7,Germany,€,used,15.49,2019-12-12 00:00:00,30.91,2020-07-26 00:00:00,,,19.87
B07L9WLKZQ,Germany,€,amazon,10.99,2022-08-10 00:00:00,23.98,2022-08-24 00:00:00,,,15.31
B07L9WLKZQ,Germany,€,new,7.64,2021-08-23 00:00:00,14.99,2022-05-21 00:00:00,10.99,2024-01-12 00:00:00,10.36
B07L9WLKZQ,Germany,€,used,7.43,2020-02-12 00:00:00,13.71,2020-06-16 00:00:00,9.98,2024-01-17 00:00:00,9.4
B07MVPRSHZ,Germany,€,amazon,133.99,2020-03-18 00:00:00,290.94,2023-06-04 00:00:00,203.37,2024-01-19 00:00:00,203.85
B07MVPRSHZ,Germany,€,new,151.17,2019-08-29 00:00:00,318.94,2020-12-08 00:00:00,,,230.55
B07MVPRSHZ,Germany,€,used,99.99,2023-10-20 00:00:00,221.37,2021-02-19 00:00:00,154.39,2024-01-11 00:00:00,169.57
